485.jpg,485
566.jpg,566
143.jpg,143
549.jpg,549
731.jpg,731
666.jpg,666
665.jpg,665
317.jpg,317
99.jpg,99
741.jpg,741
840.jpg,840
316.jpg,316
536.jpg,536
89.jpg,89
512.jpg,512
674.jpg,674
19.jpg,19
690.jpg,690
678.jpg,678
158.jpg,158
544.jpg,544
135.jpg,135
279.jpg,279
652.jpg,652
545.jpg,545
146.jpg,146
45.jpg,45
1.jpg,1
822.jpg,822
48.jpg,48
581.jpg,581
628.jpg,628
778.jpg,778
617.jpg,617
414.jpg,414
220.jpg,220
619.jpg,619
472.jpg,472
385.jpg,385
600.jpg,600
4.jpg,4
398.jpg,398
723.jpg,723
753.jpg,753
656.jpg,656
430.jpg,430
286.jpg,286
374.jpg,374
648.jpg,648
708.jpg,708
864.jpg,864
71.jpg,71
584.jpg,584
79.jpg,79
797.jpg,797
380.jpg,380
671.jpg,671
894.jpg,894
560.jpg,560
234.jpg,234
189.jpg,189
718.jpg,718
112.jpg,112
66.jpg,66
676.jpg,676
326.jpg,326
887.jpg,887
368.jpg,368
610.jpg,610
150.jpg,150
725.jpg,725
415.jpg,415
749.jpg,749
687.jpg,687
192.jpg,192
808.jpg,808
594.jpg,594
634.jpg,634
547.jpg,547
248.jpg,248
764.jpg,764
572.jpg,572
644.jpg,644
529.jpg,529
362.jpg,362
334.jpg,334
476.jpg,476
852.jpg,852
550.jpg,550
813.jpg,813
657.jpg,657
152.jpg,152
534.jpg,534
604.jpg,604
346.jpg,346
65.jpg,65
834.jpg,834
422.jpg,422
429.jpg,429
231.jpg,231
16.jpg,16
647.jpg,647
685.jpg,685
418.jpg,418
709.jpg,709
252.jpg,252
876.jpg,876
618.jpg,618
717.jpg,717
712.jpg,712
295.jpg,295
820.jpg,820
61.jpg,61
669.jpg,669
390.jpg,390
658.jpg,658
670.jpg,670
871.jpg,871
271.jpg,271
263.jpg,263
405.jpg,405
532.jpg,532
607.jpg,607
246.jpg,246
804.jpg,804
129.jpg,129
292.jpg,292
677.jpg,677
711.jpg,711
228.jpg,228
688.jpg,688
239.jpg,239
24.jpg,24
721.jpg,721
527.jpg,527
641.jpg,641
842.jpg,842
297.jpg,297
421.jpg,421
449.jpg,449
258.jpg,258
511.jpg,511
148.jpg,148
173.jpg,173
689.jpg,689
39.jpg,39
815.jpg,815
892.jpg,892
468.jpg,468
250.jpg,250
15.jpg,15
11.jpg,11
396.jpg,396
318.jpg,318
38.jpg,38
818.jpg,818
18.jpg,18
616.jpg,616
13.jpg,13
559.jpg,559
598.jpg,598
800.jpg,800
579.jpg,579
752.jpg,752
130.jpg,130
756.jpg,756
325.jpg,325
795.jpg,795
139.jpg,139
885.jpg,885
636.jpg,636
269.jpg,269
245.jpg,245
102.jpg,102
489.jpg,489
224.jpg,224
460.jpg,460
43.jpg,43
394.jpg,394
788.jpg,788
434.jpg,434
272.jpg,272
627.jpg,627
884.jpg,884
546.jpg,546
333.jpg,333
205.jpg,205
350.jpg,350
850.jpg,850
775.jpg,775
151.jpg,151
848.jpg,848
574.jpg,574
681.jpg,681
735.jpg,735
865.jpg,865
174.jpg,174
199.jpg,199
496.jpg,496
483.jpg,483
125.jpg,125
443.jpg,443
602.jpg,602
462.jpg,462
517.jpg,517
719.jpg,719
423.jpg,423
591.jpg,591
505.jpg,505
828.jpg,828
342.jpg,342
322.jpg,322
53.jpg,53
352.jpg,352
827.jpg,827
373.jpg,373
3.jpg,3
590.jpg,590
253.jpg,253
816.jpg,816
592.jpg,592
431.jpg,431
907.jpg,907
397.jpg,397
889.jpg,889
537.jpg,537
524.jpg,524
729.jpg,729
542.jpg,542
265.jpg,265
777.jpg,777
833.jpg,833
700.jpg,700
302.jpg,302
754.jpg,754
814.jpg,814
191.jpg,191
40.jpg,40
845.jpg,845
59.jpg,59
78.jpg,78
208.jpg,208
767.jpg,767
492.jpg,492
530.jpg,530
528.jpg,528
457.jpg,457
236.jpg,236
109.jpg,109
838.jpg,838
461.jpg,461
781.jpg,781
565.jpg,565
200.jpg,200
209.jpg,209
639.jpg,639
705.jpg,705
100.jpg,100
576.jpg,576
400.jpg,400
454.jpg,454
488.jpg,488
697.jpg,697
796.jpg,796
469.jpg,469
204.jpg,204
229.jpg,229
732.jpg,732
481.jpg,481
221.jpg,221
707.jpg,707
824.jpg,824
42.jpg,42
330.jpg,330
8.jpg,8
168.jpg,168
288.jpg,288
585.jpg,585
453.jpg,453
637.jpg,637
552.jpg,552
340.jpg,340
596.jpg,596
320.jpg,320
843.jpg,843
123.jpg,123
653.jpg,653
446.jpg,446
663.jpg,663
456.jpg,456
91.jpg,91
531.jpg,531
698.jpg,698
412.jpg,412
309.jpg,309
606.jpg,606
348.jpg,348
155.jpg,155
30.jpg,30
280.jpg,280
504.jpg,504
538.jpg,538
88.jpg,88
518.jpg,518
337.jpg,337
323.jpg,323
332.jpg,332
262.jpg,262
673.jpg,673
432.jpg,432
692.jpg,692
447.jpg,447
877.jpg,877
298.jpg,298
105.jpg,105
118.jpg,118
232.jpg,232
222.jpg,222
519.jpg,519
153.jpg,153
835.jpg,835
825.jpg,825
116.jpg,116
900.jpg,900
367.jpg,367
230.jpg,230
376.jpg,376
216.jpg,216
436.jpg,436
569.jpg,569
863.jpg,863
860.jpg,860
675.jpg,675
304.jpg,304
438.jpg,438
321.jpg,321
562.jpg,562
831.jpg,831
463.jpg,463
522.jpg,522
635.jpg,635
243.jpg,243
521.jpg,521
187.jpg,187
482.jpg,482
9.jpg,9
207.jpg,207
370.jpg,370
274.jpg,274
626.jpg,626
713.jpg,713
57.jpg,57
413.jpg,413
0.jpg,0
147.jpg,147
157.jpg,157
312.jpg,312
395.jpg,395
727.jpg,727
308.jpg,308
667.jpg,667
92.jpg,92
525.jpg,525
41.jpg,41
771.jpg,771
817.jpg,817
167.jpg,167
107.jpg,107
327.jpg,327
535.jpg,535
661.jpg,661
580.jpg,580
188.jpg,188
97.jpg,97
650.jpg,650
802.jpg,802
159.jpg,159
406.jpg,406
67.jpg,67
335.jpg,335
595.jpg,595
242.jpg,242
282.jpg,282
577.jpg,577
881.jpg,881
836.jpg,836
175.jpg,175
832.jpg,832
869.jpg,869
464.jpg,464
212.jpg,212
812.jpg,812
497.jpg,497
257.jpg,257
25.jpg,25
49.jpg,49
793.jpg,793
578.jpg,578
629.jpg,629
351.jpg,351
906.jpg,906
136.jpg,136
409.jpg,409
369.jpg,369
33.jpg,33
275.jpg,275
52.jpg,52
621.jpg,621
218.jpg,218
841.jpg,841
56.jpg,56
571.jpg,571
799.jpg,799
743.jpg,743
55.jpg,55
821.jpg,821
444.jpg,444
494.jpg,494
306.jpg,306
372.jpg,372
328.jpg,328
654.jpg,654
471.jpg,471
748.jpg,748
290.jpg,290
255.jpg,255
381.jpg,381
509.jpg,509
866.jpg,866
169.jpg,169
632.jpg,632
6.jpg,6
500.jpg,500
480.jpg,480
287.jpg,287
364.jpg,364
225.jpg,225
563.jpg,563
890.jpg,890
140.jpg,140
354.jpg,354
35.jpg,35
784.jpg,784
853.jpg,853
36.jpg,36
874.jpg,874
378.jpg,378
22.jpg,22
810.jpg,810
379.jpg,379
285.jpg,285
898.jpg,898
347.jpg,347
96.jpg,96
474.jpg,474
277.jpg,277
830.jpg,830
81.jpg,81
278.jpg,278
319.jpg,319
29.jpg,29
355.jpg,355
296.jpg,296
389.jpg,389
846.jpg,846
198.jpg,198
608.jpg,608
353.jpg,353
190.jpg,190
2.jpg,2
402.jpg,402
826.jpg,826
893.jpg,893
716.jpg,716
484.jpg,484
256.jpg,256
573.jpg,573
901.jpg,901
162.jpg,162
770.jpg,770
214.jpg,214
760.jpg,760
703.jpg,703
737.jpg,737
870.jpg,870
98.jpg,98
384.jpg,384
93.jpg,93
467.jpg,467
837.jpg,837
801.jpg,801
672.jpg,672
857.jpg,857
73.jpg,73
356.jpg,356
746.jpg,746
58.jpg,58
556.jpg,556
310.jpg,310
451.jpg,451
14.jpg,14
620.jpg,620
819.jpg,819
582.jpg,582
217.jpg,217
586.jpg,586
686.jpg,686
751.jpg,751
533.jpg,533
300.jpg,300
164.jpg,164
182.jpg,182
213.jpg,213
897.jpg,897
163.jpg,163
259.jpg,259
470.jpg,470
60.jpg,60
583.jpg,583
345.jpg,345
809.jpg,809
359.jpg,359
623.jpg,623
138.jpg,138
612.jpg,612
419.jpg,419
710.jpg,710
766.jpg,766
360.jpg,360
294.jpg,294
329.jpg,329
404.jpg,404
12.jpg,12
284.jpg,284
740.jpg,740
694.jpg,694
909.jpg,909
776.jpg,776
664.jpg,664
895.jpg,895
872.jpg,872
803.jpg,803
75.jpg,75
64.jpg,64
127.jpg,127
823.jpg,823
440.jpg,440
487.jpg,487
121.jpg,121
515.jpg,515
366.jpg,366
68.jpg,68
392.jpg,392
193.jpg,193
859.jpg,859
774.jpg,774
34.jpg,34
555.jpg,555
10.jpg,10
363.jpg,363
202.jpg,202
408.jpg,408
281.jpg,281
755.jpg,755
260.jpg,260
37.jpg,37
171.jpg,171
645.jpg,645
403.jpg,403
445.jpg,445
587.jpg,587
868.jpg,868
791.jpg,791
807.jpg,807
702.jpg,702
691.jpg,691
417.jpg,417
223.jpg,223
459.jpg,459
311.jpg,311
273.jpg,273
83.jpg,83
44.jpg,44
179.jpg,179
503.jpg,503
314.jpg,314
722.jpg,722
724.jpg,724
646.jpg,646
77.jpg,77
516.jpg,516
882.jpg,882
261.jpg,261
829.jpg,829
126.jpg,126
108.jpg,108
513.jpg,513
437.jpg,437
26.jpg,26
806.jpg,806
553.jpg,553
375.jpg,375
264.jpg,264
69.jpg,69
267.jpg,267
679.jpg,679
507.jpg,507
495.jpg,495
387.jpg,387
458.jpg,458
145.jpg,145
72.jpg,72
20.jpg,20
210.jpg,210
759.jpg,759
758.jpg,758
478.jpg,478
622.jpg,622
501.jpg,501
631.jpg,631
638.jpg,638
442.jpg,442
237.jpg,237
651.jpg,651
276.jpg,276
779.jpg,779
783.jpg,783
896.jpg,896
862.jpg,862
730.jpg,730
427.jpg,427
613.jpg,613
720.jpg,720
106.jpg,106
744.jpg,744
399.jpg,399
769.jpg,769
